https://blog.gitpod.io/* https://www.gitpod.io/blog/:splat 301!
https://community.gitpod.io/* https://www.gitpod.io/chat 301!
/blog/gitlab-integration/+ /blog/gitlab-integration 301
/careers https://gitpod.crew.work/jobs 301
/chat https://discord.com/invite/gitpod 301
/code-of-conduct https://github.com/gitpod-io/.github/blob/main/CODE_OF_CONDUCT.md
/configure/editor /docs/editors/vscode 301
/direction https://www.notion.so/gitpod/Gitpod-s-Direction-be35d064c0704fbda61c542b84e07ef6 301
/docs/10_getting_started /docs/getting-started 301
/docs/10_Getting_Started /docs/getting-started 301
/docs/20_browser_extension /docs/browser-extension 301
/docs/20_Browser_Extension /docs/browser-extension 301
/docs/30_workspaces /docs/workspaces 301
/docs/31_context_urls /docs/context-urls 301
/docs/32_life_of_workspace /docs/life-of-workspace 301
/docs/32_Life_of_Workspace /docs/life-of-workspace 301
/docs/33_sharing_and_collaboration /docs/sharing-and-collaboration 301
/docs/33_Sharing_and_Collaboration /docs/sharing-and-collaboration 301
/docs/34_command_line_interface /docs/command-line-interface 301
/docs/40_configuration /docs/configure 301
/docs/40_Configuration /docs/configure 301
/docs/41_config_gitpod_file /docs/config-gitpod-file 301
/docs/41_Config_Gitpod_File /docs/config-gitpod-file 301
/docs/42_config_docker /docs/config-docker 301
/docs/43_config_ports /docs/config-ports 301
/docs/44_config_start_tasks /docs/config-start-tasks 301
/docs/45_checkout_location /docs/checkout-location 301
/docs/45_Checkout_Location /docs/checkout-location 301
/docs/45_Config_Go /docs/checkout-location 301
/docs/46_prebuilds /docs/prebuilds 301
/docs/47_environment_variables /docs/environment-variables 301
/docs/47_Environment_Variables /docs/environment-variables 301
/docs/50_ide /docs/ide 301
/docs/52_tips_and_tricks /docs/tips-and-tricks 301
/docs/54_git /docs/git 301
/docs/56_search /docs/search 301
/docs/58_pull_requests /docs/pull-requests 301
/docs/58_Pull_Requests /docs/pull-requests 301
/docs/59_code_review /docs/code-review 301
/docs/60_dashboard /docs/dashboard 301
/docs/70_subscription /docs/subscription 301
/docs/80_release_notes /docs/release-notes 301
/docs/bash-in-gitpod /docs 301
/docs/languages/bash /docs 301
/docs/changelog /changelog 301
/docs/configuration /docs/configure 301
/docs/cpp-in-gitpod /docs/languages/cpp 301
/docs/develop/vscode-desktop-support /docs/editors/vscode 301
/docs/dotnet-in-gitpod /docs/languages/dotnet 301
/docs/go_in_gitpod /docs/go-in-gitpod 301
/docs/go-in-gitpod /docs/languages/go 301
/docs/html-in-gitpod /docs/languages/html 301
/docs/ide /docs/editors 301
/docs/ides-and-editors/configure-your-editor-ide /docs/ides-and-editors 301
/docs/editors /docs/ides-and-editors 301
/docs/editors/vscode-browser /docs/ides-and-editors/vscode-browser
/docs/editors/Goland /docs/ides-and-editors/Goland
/docs/editors/intellij /docs/ides-and-editors/intellij
/docs/editors/vscode /docs/ides-and-editors/vscode
/docs/editors/clion /docs/ides-and-editors/clion
/docs/editors/datagrip /docs/ides-and-editors
/docs/ides-and-editors/datagrip /docs/ides-and-editors
/docs/editors/phpstorm /docs/ides-and-editors/phpstorm
/docs/editors/pycharm /docs/ides-and-editors/pycharm
/docs/editors/rider /docs/ides-and-editors/rider
/docs/editors/rubymine /docs/ides-and-editors/rubymine
/docs/editors/webstorm /docs/ides-and-editors/webstorm
/docs/develop/local-companion /docs/ides-and-editors/local-companion 301
/docs/vscode-extensions /docs/ides-and-editors/vscode-extensions 301
/docs/index.html /docs 301
/docs/integrations/jetbrains /docs/editors 301
/docs/java_in_gitpod /docs/java-in-gitpod 301
/docs/java-in-gitpod /docs/languages/java 301
/docs/julia_in_gitpod /docs/julia-in-gitpod 301
/docs/julia-in-gitpod /docs/languages/julia 301
/docs/languages_and_frameworks /docs/languages 301
/docs/languages-and-frameworks /docs/languages 301
/docs/languages/pandas /docs/languages/python#pandas 301
/docs/php-in-gitpod /docs/languages/php 301
/docs/professional-open-source /for/opensource 301
/docs/python_in_gitpod /docs/python-in-gitpod 301
/docs/python-in-gitpod /docs/languages/python 301
/docs/r-in-gitpod /docs/languages/r 301
/docs/ruby-in-gitpod /docs/languages/ruby 301
/docs/rust-in-gitpod /docs/languages/rust 301
/docs/self-hosted/latest/self-hosted /docs/self-hosted 301
/docs/self-hosted/latest/installation/on-kubernetes /docs/self-hosted/installation 301
/docs/vue-in-gitpod /docs/languages/vue 301
/docs/editors/jetbrains-private-beta /docs/editors/ 301
/education /pricing#do-you-offer-discounts-for-students-and-educational-institutions 301
/gitpod-business.html /pricing 301
/gitpod-vs-codespaces /vs/github-codespaces 301
/media /blog/next-chapter-for-gitpod 301
/memes https://github.com/gitpod-io/gitpod/issues/6877 301
/privacy/terms.html /terms 301
/references/changelog /changelog 301
/roadmap https://github.com/orgs/gitpod-io/projects/27/views/1 301
/screencasts/always-ready-to-code /screencasts/getting-started-with-gitpod 301
/screencasts/navigating-your-workspace /screencasts/my-workspace-is-running-now-what 301
/values https://www.notion.so/gitpod/Brand-Values-2ed4c2f93c84499b98e3b5389980992e
/dashboard https://gitpod.io/ 301
/projects https://gitpod.io/ 301
/workspaces https://gitpod.io/workspaces/ 301
/settings https://gitpod.io/account 301
/notifications https://gitpod.io/notifications 301
/plans https://gitpod.io/plans 301
/teams https://gitpod.io/teams 301
/variables https://gitpod.io/variables 301
/integrations https://gitpod.io/integrations 301
/preferences https://gitpod.io/preferences 301
/gitpod-vs-github-codespaces /vs/github-codespaces 301
/changelog/introducing-teams-&-projects /changelog/introducing-teams-and-projects
/github-teacher-toolbox /pricing 301
/customers/4geeks /for/education/4geeks 301
/customers/bruno-rocha /for/education/bruno-rocha 301
/docs/self-hosted/latest/reference-architecture/production-ready-single-cluster /docs/self-hosted/reference-architecture/single-cluster-ref-arch 301
/docs/self-hosted/latest/support-patches /docs/self-hosted/latest/config-patches 301
<<<<<<< HEAD
/docs/self-hosted/latest/getting-started#step-4-install-gitpod /docs/self-hosted/installing-gitpod#install-gitpod 301
/docs/self-hosted/latest/getting-started /docs/self-hosted/installing-gitpod 301
/docs/self-hosted/latest/resource-configuration /docs/self-hosted/advanced/resource-configuration 301

  /docs/self-hosted/latest/background /docs/self-hosted/background 301
  /docs/self-hosted/latest/backup-restore /docs/self-hosted/backup-restore 301
  /docs/self-hosted/latest/cluster-requirements /docs/self-hosted/cluster-requirements 301
  /docs/self-hosted/latest/config-patches /docs/self-hosted/config-patches 301
  /docs/self-hosted/latest/disaster-recovery /docs/self-hosted/disaster-recovery 301
  /docs/self-hosted/latest /docs/self-hosted 301
  /docs/self-hosted/latest/installation-guides /docs/self-hosted/installation-guides 301
  /docs/self-hosted/latest/installing-gitpod /docs/self-hosted/installing-gitpod 301
  /docs/self-hosted/latest/local-preview /docs/self-hosted/local-preview 301
  /docs/self-hosted/latest/monitoring /docs/self-hosted/monitoring 301
  /docs/self-hosted/latest/operational-guides /docs/self-hosted/operational-guides 301
  /docs/self-hosted/latest/reference /docs/self-hosted/reference 301
  /docs/self-hosted/latest/required-components /docs/self-hosted/required-components 301
  /docs/self-hosted/latest/requirements /docs/self-hosted/requirements 301
  /docs/self-hosted/latest/support-bundle /docs/self-hosted/support-bundle 301
  /docs/self-hosted/latest/telemetry /docs/self-hosted/telemetry 301
  /docs/self-hosted/latest/troubleshooting /docs/self-hosted/troubleshooting 301
  /docs/self-hosted/latest/updating /docs/self-hosted/updating 301
  /docs/self-hosted/latest/upgrade-guides /docs/self-hosted/upgrade-guides 301
  /docs/self-hosted/latest/administration /docs/self-hosted/administration 301
  /docs/self-hosted/latest/advanced/air-gap /docs/self-hosted/advanced/air-gap 301
  /docs/self-hosted/latest/advanced/components /docs/self-hosted/advanced/components 301
  /docs/self-hosted/latest/advanced/customization /docs/self-hosted/advanced/customization 301
  /docs/self-hosted/latest/advanced/default-workspace-image /docs/self-hosted/advanced/default-workspace-image 301
  /docs/self-hosted/latest/advanced/eks-with-alb-and-nlb /docs/self-hosted/advanced/eks-with-alb-and-nlb 301
  /docs/self-hosted/latest/advanced /docs/self-hosted/advanced 301
  /docs/self-hosted/latest/advanced/private-registries /docs/self-hosted/advanced/private-registries 301
  /docs/self-hosted/latest/advanced/resource-configuration /docs/self-hosted/advanced/resource-configuration 301
  /docs/self-hosted/latest/advanced/tls /docs/self-hosted/advanced/tls 301
  /docs/self-hosted/latest/cluster-set-up/on-amazon-eks /docs/self-hosted/cluster-set-up/on-amazon-eks 301
  /docs/self-hosted/latest/cluster-set-up/on-gke /docs/self-hosted/cluster-set-up/on-gke 301
  /docs/self-hosted/latest/cluster-set-up/on-k3s /docs/self-hosted/cluster-set-up/on-k3s 301
  /docs/self-hosted/latest/cluster-set-up/on-microsoft-aks /docs/self-hosted/cluster-set-up/on-microsoft-aks 301
  /docs/self-hosted/latest/configuration/authentication /docs/self-hosted/configuration/authentication 301
  /docs/self-hosted/latest/configuration/database /docs/self-hosted/configuration/database 301
  /docs/self-hosted/latest/configuration/docker-registry /docs/self-hosted/configuration/docker-registry 301
  /docs/self-hosted/latest/configuration /docs/self-hosted/configuration 301
  /docs/self-hosted/latest/configuration/ingress /docs/self-hosted/configuration/ingress 301
  /docs/self-hosted/latest/configuration/nodes /docs/self-hosted/configuration/nodes 301
  /docs/self-hosted/latest/configuration/storage /docs/self-hosted/configuration/storage 301
  /docs/self-hosted/latest/configuration/vsx-registry /docs/self-hosted/configuration/vsx-registry 301
  /docs/self-hosted/latest/configuration/workspaces /docs/self-hosted/configuration/workspaces 301
  /docs/self-hosted/latest/installation /docs/self-hosted/installation 301
  /docs/self-hosted/latest/installation/on-amazon-eks /docs/self-hosted/installation/on-amazon-eks 301
  /docs/self-hosted/latest/installation/on-gke 301
  /docs/self-hosted/latest/installation/on-microsoft-aks /docs/self-hosted/installation/on-microsoft-aks 301
  /docs/self-hosted/latest/reference-architecture /docs/self-hosted/reference-architecture 301
  /docs/self-hosted/latest/reference-architecture/proof-of-value /docs/self-hosted/reference-architecture/proof-of-value 301
  /docs/self-hosted/latest/reference-architecture/single-cluster-ref-arch /docs/self-hosted/reference-architecture/single-cluster-ref-arch 301
  /docs/self-hosted/latest/releases /docs/self-hosted/releases  301

=======
/docs/self-hosted/latest/getting-started#step-4-install-gitpod /docs/self-hosted/latest/installing-gitpod#install-gitpod 301
/docs/self-hosted/latest/getting-started /docs/self-hosted/latest/installing-gitpod 301
/docs/self-hosted/latest/resource-configuration /docs/self-hosted/latest/advanced/resource-configuration 301
/blog/gitpodify /guides/gitpodify 301
>>>>>>> main
